{"loss": [0.004573594778776169, 0.003551590722054243, 0.0032704644836485386, 0.003028670558705926, 0.002943681785836816, 0.0028249609749764204, 0.0027559716254472733, 0.0026967185549438, 0.002665195381268859, 0.00264045805670321, 0.0025879160966724157, 0.0025515921879559755, 0.0025174878537654877, 0.002499103546142578, 0.002469409490004182, 0.0024712136946618557, 0.00239422800950706, 0.0024199599865823984, 0.002425392158329487, 0.0024406560696661472], "accuracy": [0.6641777157783508, 0.7493170499801636, 0.7712620496749878, 0.7893826365470886, 0.7999453544616699, 0.8100528120994568, 0.8127845525741577, 0.8212529420852661, 0.8180659413337708, 0.8211619257926941, 0.826625406742096, 0.8298124074935913, 0.8339100480079651, 0.8335458040237427, 0.8358222842216492, 0.8383718729019165, 0.8441995978355408, 0.8431069254875183, 0.8405572772026062, 0.8431069254875183], "val_loss": [0.4453146755695343, 0.4378461539745331, 0.37207359075546265, 0.4014924168586731, 0.4169143736362457, 0.4238656461238861, 0.5085605978965759, 0.3227023184299469, 0.42611047625541687, 0.3822018504142761, 0.3238042891025543, 0.2710886299610138, 0.32190901041030884, 0.3343243896961212, 0.3309115171432495, 0.3448934257030487, 0.2991432249546051, 0.36979350447654724, 0.2864929139614105, 0.30826202034950256], "val_accuracy": [0.8270833492279053, 0.8354166746139526, 0.859375, 0.8614583611488342, 0.8333333134651184, 0.8364583253860474, 0.8135416507720947, 0.8864583373069763, 0.8500000238418579, 0.856249988079071, 0.8833333253860474, 0.903124988079071, 0.8812500238418579, 0.8916666507720947, 0.887499988079071, 0.8885416388511658, 0.90625, 0.8708333373069763, 0.9020833373069763, 0.8989583253860474]}