{"loss": [0.0056103551760315895, 0.004356549121439457, 0.004007447510957718, 0.003811961505562067, 0.0036948879715055227, 0.0035876352339982986, 0.0034115277230739594, 0.0034421528689563274, 0.0033648957032710314, 0.003292384557425976, 0.003272285684943199, 0.00322265038266778, 0.0031888780649751425, 0.0031291681807488203, 0.0031683610286563635, 0.0031252524349838495, 0.003120013512670994, 0.0030381653923541307, 0.003050378756597638, 0.003021524054929614], "accuracy": [0.550901472568512, 0.6761974096298218, 0.7087051272392273, 0.7177199125289917, 0.7260972261428833, 0.7402112483978271, 0.7523219585418701, 0.7510471940040588, 0.7586050033569336, 0.762429416179657, 0.7650701403617859, 0.7703514695167542, 0.7727189660072327, 0.7779092788696289, 0.775814950466156, 0.7808231711387634, 0.7839191555976868, 0.7839191555976868, 0.7839191555976868, 0.7881988883018494], "val_loss": [0.7532652616500854, 0.643760085105896, 0.4492054879665375, 0.5514075756072998, 0.4322911202907562, 0.5073304772377014, 0.36157137155532837, 0.4459667205810547, 0.34886857867240906, 0.5618337392807007, 0.47246548533439636, 0.45983442664146423, 0.45958083868026733, 0.44202864170074463, 0.4306122958660126, 0.3758305013179779, 0.34552907943725586, 0.32172685861587524, 0.34738799929618835, 0.36486873030662537], "val_accuracy": [0.684374988079071, 0.7083333134651184, 0.8291666507720947, 0.7854166626930237, 0.84375, 0.7927083373069763, 0.8697916865348816, 0.8395833373069763, 0.8812500238418579, 0.7895833253860474, 0.8031250238418579, 0.809374988079071, 0.8166666626930237, 0.8187500238418579, 0.8177083134651184, 0.8520833253860474, 0.8791666626930237, 0.8822916746139526, 0.8614583611488342, 0.859375]}