{"loss": [0.00583326630294323, 0.004563317634165287, 0.004171303007751703, 0.004000199493020773, 0.003939222544431686, 0.003866935847327113, 0.0038277797866612673, 0.003729345975443721, 0.0037704631686210632, 0.0035743212793022394, 0.003718353109434247, 0.0036240590270608664, 0.0036331750452518463, 0.003576402086764574, 0.00363983609713614, 0.0035986111033707857, 0.0036255675368010998, 0.003640716662630439, 0.0035734139382839203, 0.003622425254434347], "accuracy": [0.5888726711273193, 0.6700965166091919, 0.6988708972930908, 0.7160808444023132, 0.7205427289009094, 0.7291021943092346, 0.7340192794799805, 0.7385721802711487, 0.7443088889122009, 0.7570570111274719, 0.7467674612998962, 0.7557821869850159, 0.7556911110877991, 0.7637953162193298, 0.761792004108429, 0.7657985687255859, 0.7607904076576233, 0.7653433084487915, 0.7659807205200195, 0.7661628127098083], "val_loss": [0.719443678855896, 0.698451817035675, 0.5960626602172852, 0.5843713879585266, 0.5554421544075012, 0.8147854208946228, 0.5988451838493347, 0.5653985142707825, 0.6310264468193054, 0.5441182851791382, 0.4888189136981964, 0.4443197250366211, 0.5398613810539246, 0.5474086403846741, 0.6305782198905945, 0.4893043339252472, 0.5361326932907104, 0.4643472135066986, 0.574447751045227, 0.5246878266334534], "val_accuracy": [0.7135416865348816, 0.7124999761581421, 0.7749999761581421, 0.7718750238418579, 0.8208333253860474, 0.7427083253860474, 0.793749988079071, 0.8041666746139526, 0.7916666865348816, 0.8229166865348816, 0.8322916626930237, 0.8479166626930237, 0.8145833611488342, 0.8145833611488342, 0.8031250238418579, 0.8354166746139526, 0.8322916626930237, 0.8489583134651184, 0.8208333253860474, 0.8354166746139526]}