{"loss": [0.01986026205122471, 0.0047542257234454155, 0.003503380576148629, 0.0030789056327193975, 0.0026251468807458878, 0.002369022462517023, 0.0021365254651755095, 0.001899800030514598, 0.0018638947512954473, 0.0017163167940452695, 0.001582489931024611, 0.001489860936999321, 0.0014431503368541598, 0.0013514951569959521, 0.0013036552118137479, 0.001313437009230256, 0.001189757022075355, 0.0011787409894168377, 0.001156024867668748, 0.0011237508151680231], "accuracy": [0.3832635283470154, 0.6656346917152405, 0.7663449048995972, 0.801857590675354, 0.8355490565299988, 0.8498452305793762, 0.8625022768974304, 0.8828082084655762, 0.887543261051178, 0.8978328108787537, 0.9060280323028564, 0.9105809330940247, 0.9140411615371704, 0.922418475151062, 0.9251502752304077, 0.9243307113647461, 0.9305226802825928, 0.9324349164962769, 0.9293389320373535, 0.9349845051765442], "val_loss": [0.788485586643219, 0.4974023699760437, 0.29380911588668823, 0.29250481724739075, 0.21754910051822662, 0.16026784479618073, 0.218257874250412, 0.40329408645629883, 0.1799176186323166, 0.16092665493488312, 0.11018481850624084, 0.16969802975654602, 0.11296665668487549, 0.1387089043855667, 0.1023092195391655, 0.14115719497203827, 0.1763203740119934, 0.1642494648694992, 0.16994237899780273, 0.07035123556852341], "val_accuracy": [0.6979166865348816, 0.809374988079071, 0.9104166626930237, 0.8895833492279053, 0.934374988079071, 0.9447916746139526, 0.934374988079071, 0.8729166388511658, 0.9427083134651184, 0.9427083134651184, 0.9645833373069763, 0.9395833611488342, 0.9708333611488342, 0.9583333134651184, 0.9666666388511658, 0.9489583373069763, 0.9437500238418579, 0.9572916626930237, 0.9510416388511658, 0.9822916388511658]}