{"loss": [0.005326120648533106, 0.0040089841932058334, 0.003666359232738614, 0.003454785328358412, 0.003352839034050703, 0.003219631966203451, 0.0031294780783355236, 0.0030470038764178753, 0.0029654258396476507, 0.00299963285215199, 0.002933930139988661, 0.0028191821184009314, 0.0028712928760796785, 0.002828432945534587, 0.00280766561627388, 0.002742595039308071, 0.0027008771430701017, 0.002663005143404007, 0.002668580040335655, 0.0026422978844493628], "accuracy": [0.5842287540435791, 0.7125295996665955, 0.7408486604690552, 0.7564195990562439, 0.763704240322113, 0.7779092788696289, 0.7846475839614868, 0.7921143770217896, 0.7961209416389465, 0.792569637298584, 0.7993990182876587, 0.7999453544616699, 0.8009470105171204, 0.8044072389602661, 0.8073210716247559, 0.813968300819397, 0.8187033534049988, 0.8204334378242493, 0.8176106214523315, 0.8203423619270325], "val_loss": [0.5134469866752625, 0.49567559361457825, 0.49006515741348267, 0.4841914772987366, 0.38194432854652405, 0.4642023742198944, 0.3423767387866974, 0.4213387668132782, 0.3734044134616852, 0.30121421813964844, 0.3209262490272522, 0.3365401327610016, 0.4784178137779236, 0.31409648060798645, 0.3098284602165222, 0.3714410066604614, 0.3938473165035248, 0.3330388069152832, 0.31869757175445557, 0.23991185426712036], "val_accuracy": [0.8270833492279053, 0.8052083253860474, 0.8239583373069763, 0.8072916865348816, 0.8489583134651184, 0.8187500238418579, 0.8687499761581421, 0.8364583253860474, 0.8604166507720947, 0.8822916746139526, 0.8833333253860474, 0.8697916865348816, 0.8166666626930237, 0.8854166865348816, 0.8854166865348816, 0.8687499761581421, 0.8552083373069763, 0.8802083134651184, 0.8843749761581421, 0.909375011920929]}